﻿Kategori,Alt Kategori,Ürün Grubu,Komisyon_%_KDV_Dahil
Parfüm,,"& Kişisel BaAkiılme Planlaması, Cinsel Sağlık",17.0
Parfüm,,& Kişisel BaAkğımız Diş Bakım,16.0
Parfüm,,& Kişisel BaCkiılmt Bakımı,16.0
Parfüm,,"& Kişisel BaDkıumş, Banyo",16.0
Parfüm,,"& Kişisel BaEklı,m Ayak, Tırnak Bakımı",16.0
Parfüm,,"& Kişisel BaEkpımilasyon, Ağda",16.0
Parfüm,,& Kişisel BaEkrıkmek Kişisel Bakım Ürünleri,16.0
Parfüm,,& Kişisel BaGkıümneş Bakımı,16.0
Parfüm,,"& Kişisel BaKkaımdın Ped, Hijyen",16.0
Parfüm,,& Kişisel BaMkımakyaj,16.0
Parfüm,,& Kişisel BaPkaımrfüm Hediye Setleri 27% Değişiklik Yok,21.0
Parfüm,,& Kişisel BaSkaımç Bakımı,16.0
Parfüm,,"& Kişisel BaSkaımğlık, Medikal",15.0
Hobi,,3D Oyuncak Baskı Ürünleri,16.0
Ev & Yaşam,,Abajur,27.0
Moda,,Abiye Ayakkabı,25.0
Moda,,Abiye Çanta,25.0
Moda,,Abiye&Mezuniyet,30.0
Spor&Outdoor,,Adım Ölçer (Pedometre),15.0
Spor&Outdoor,,Airsoft Bilyesi,18.0
Oyuncak,,Aksesuar,16.0
Spor&Outdoor,,"Aksiyon Kamerası Aksesuar, Ekipman",15.0
Elektronik,,Akıllı Ev Sistemleri,15.0
Elektronik,,Alarm Sistemi (Komple Set),15.0
Spor&Outdoor,,Alyan Seti,18.0
Ev & Yaşam,,Amerikan Servis,27.0
Ev & Yaşam,,Amerikan servis,27.0
Spor&Outdoor,,Amortisör Yağı,18.0
Spor&Outdoor,,"Amortisör, Maşa Grubu",18.0
Ev & Yaşam,,Anahtar Dolabı,20.0
Anne & Bebek,,Anne Gıda Takviyesi,16.0
Ev & Yaşam,,"Antre, Hol Dresuar",20.0
Oto Aksesuar,,Arma Sticker,27.0
Ev & Yaşam,,Askılık,20.0
Spor&Outdoor,,Atlama İpi,15.0
Moda,,Atlet,25.0
Moda,,"Atlet, Fanila",25.0
Moda,,"Atlet, Külot Takımı",25.0
Spor&Outdoor,,"Avcı, Balıkçı Şapka",18.0
Spor&Outdoor,,"Ayak Bilekliği, Dizlik, Baldırlık",20.0
Moda,,Ayakkabı Aksesuarları,25.0
Moda,,"Ayakkabı Bakım, Koruma",25.0
Ev & Yaşam,,Ayakkabı Hurcu,25.0
Moda,,Ayakkabı Çekeceği,25.0
Ev & Yaşam,,Ayakkabılık,20.0
Ev & Yaşam,,Aydınlatma Armatürleri,27.0
Ev & Yaşam,,"Ayran, limonata karıştırıcı",20.0
Ev & Yaşam,,Açacak,20.0
Moda,,Babet,25.0
Moda,,"Babydoll, Kombinezon",25.0
Moda,,Baget Çanta,25.0
Süpermarket,,Baharat,17.0
Ev & Yaşam,,Baharat saklama takımı,20.0
Ev & Yaşam,,Baharat takımı,20.0
Ev & Yaşam,,Baharatlık,20.0
Süpermarket,,Bakliyat,17.0
Ev & Yaşam,,Bal kavanozu,20.0
Ev & Yaşam,,Bal kaşığı,20.0
Süpermarket,,"Bal, Reçel",17.0
Spor&Outdoor,,Balık Seti,18.0
Spor&Outdoor,,Balık Tutucu,18.0
Spor&Outdoor,,Balıkçı Pensesi,18.0
Spor&Outdoor,,"Balıkçı, Olta Tamir Makası",18.0
Ev & Yaşam,,Bambu Yorgan,25.0
Ev & Yaşam,,Bambu yastık,25.0
Ev & Yaşam,,Bank,20.0
Ev & Yaşam,,Banyo Askısı,20.0
Ev & Yaşam,,"Banyo Aynası, Ayna Seti",20.0
Ev & Yaşam,,Banyo Kaydırmazı,20.0
Ev & Yaşam,,Banyo Paspası,27.0
Ev & Yaşam,,Banyo Seti,20.0
Ev & Yaşam,,"Banyo Süngeri, Kese",20.0
Ev & Yaşam,,Banyo aydınlatma,27.0
Ev & Yaşam,,Banyo Çöp Kovası,20.0
Ev & Yaşam,,Bardak altlığı,20.0
Spor&Outdoor,,Barfiks,15.0
Spor&Outdoor,,"Basketbol Aksesuar, Ekipman",20.0
Spor&Outdoor,,Basketbol Filesi,20.0
Ev & Yaşam,,Baza,20.0
Spor&Outdoor,,Bağlantı ve Montaj,18.0
Oyuncak,,Bebek (0-24 Ay) Oyuncakları,16.0
Moda,,Bebek Ayakkabısı,25.0
Anne & Bebek,,Bebek Bakım - Banyo - Bakım Çantası,16.0
Ev & Yaşam,,Bebek Duvar Harfleri,20.0
Anne & Bebek,,Bebek Ek Besinler,16.0
Moda,,Bebek Eşofman,25.0
Moda,,Bebek Giyim Ceket,25.0
Moda,,Bebek Giyim Etek,25.0
Moda,,Bebek Giyim Gömlek,25.0
Moda,,Bebek Giyim Hırka,25.0
Moda,,Bebek Giyim Kazak,25.0
Moda,,Bebek Giyim Kostüm,25.0
Moda,,Bebek Giyim Mayo,30.0
Moda,,"Bebek Giyim Mont, Kaban, Ceket",25.0
Moda,,"Bebek Giyim Pantolon, Şort, Alt",25.0
Moda,,Bebek Giyim Sweatshirt,25.0
Moda,,Bebek Giyim Süveter,25.0
Moda,,Bebek Giyim Tişört,25.0
Moda,,"Bebek Giyim Uyku Takımı, İç Çamaşırı",30.0
Moda,,Bebek Giyim Özel Kostümler,25.0
Anne & Bebek,,Bebek Güvenliği,16.0
Anne & Bebek,,Bebek Gıda Takviyesi,16.0
Anne & Bebek,,Bebek Meyve Suyu,16.0
Ev & Yaşam,,Bebek Nevresim Takımı ve Uyku Setleri,25.0
Ev & Yaşam,,Bebek Odası Karyolası,20.0
Ev & Yaşam,,Bebek Odası Lambası,20.0
Ev & Yaşam,,Bebek Odası Takımı,20.0
Anne & Bebek,,Bebek Sağlık,17.0
Ev & Yaşam,,Bebek Yastık Kılıfı,25.0
Ev & Yaşam,,Bebek Yatağı,20.0
Ev & Yaşam,,Bebek battaniye,25.0
Ev & Yaşam,,Bebek kırlent,25.0
Ev & Yaşam,,"Bebek pike, pike takım",25.0
Ev & Yaşam,,"Bebek yastık, yorgan",25.0
Ev & Yaşam,,Bebek yatak alezi,25.0
Ev & Yaşam,,Bebek yatak örtüsü,25.0
Ev & Yaşam,,Bebek Çarşaf,25.0
Moda,,Bebek Çorap,30.0
Anne & Bebek,,Bebek Çorbası,16.0
Anne & Bebek,,Bebek İçme Suyu,16.0
Moda,,"Bel, Dekolte Kapatıcı",30.0
Ev & Yaşam,,Berjer,20.0
Spor&Outdoor,,Beyzbol Sopası (Bat),18.0
Spor&Outdoor,,Beyzbol Çantası,20.0
Ev & Yaşam,,"Bez gardrop, Bez dolap",20.0
Ev & Yaşam,,Beşik,20.0
Moda,,Bikini Alt,25.0
Moda,,Bikini Takımı,25.0
Moda,,Bikini Üst,25.0
Spor&Outdoor,,Bilardo Eldiveni,18.0
Moda,,"Bindallı, Kaftan",30.0
Spor&Outdoor,,Bisiklet Aynası,18.0
Spor&Outdoor,,Bisiklet Duvar Askısı,18.0
Spor&Outdoor,,Bisiklet Eldiveni,18.0
Spor&Outdoor,,Bisiklet Işık Sistemi,18.0
Spor&Outdoor,,"Bisiklet Matara, Matara Tutucu",18.0
Spor&Outdoor,,Bisiklet Park Demiri,18.0
Spor&Outdoor,,Bisiklet Pompası,18.0
Spor&Outdoor,,Bisiklet Yol Bilgisayarı,18.0
Spor&Outdoor,,"Bisiklet Zil, Uyarı Sistemi",18.0
Oto Aksesuar,,Bluetooth Araç Kiti,15.0
Moda,,Body,25.0
Spor&Outdoor,,"Boks, Kick Boks Dişliği",18.0
Spor&Outdoor,,"Boks, Kickboks Bandajı",18.0
Moda,,Bolero,25.0
Spor&Outdoor,,Boncuklu İğne,18.0
Spor&Outdoor,,Bone,18.0
Spor&Outdoor,,Bot Pompası,18.0
Oto Aksesuar,,"Bot, Çizme",15.0
Moda,,Boxer,25.0
Ev & Yaşam,,Boy aynası,27.0
Elektronik,,Buharlı Temizleyici,15.0
Elektronik,,Buharlı kazanlı ütü,12.0
Elektronik,,Buharlı ütü,12.0
Ev & Yaşam,,Bulaşık sepeti,20.0
Ev & Yaşam,,"Buz Kovası, Kalıbı, Küpü",20.0
Ev & Yaşam,,Börek Bıçağı,20.0
Moda,,"Büstiyer, Bandeo",25.0
Moda,,Büyük Beden Atlet,30.0
Moda,,Büyük Beden Bikini Alt,25.0
Moda,,Büyük Beden Bikini Takımı,25.0
Moda,,Büyük Beden Bikini Üst,25.0
Moda,,Büyük Beden Bluz,25.0
Moda,,Büyük Beden Body,25.0
Moda,,Büyük Beden Bolero,25.0
Moda,,"Büyük Beden Ceket, Blazer",25.0
Moda,,Büyük Beden Deniz şortu,25.0
Moda,,Büyük Beden Deri Mont,25.0
Moda,,Büyük Beden Etek,25.0
Moda,,Büyük Beden Eşofman Altı,25.0
Moda,,Büyük Beden Eşofman Takımı,25.0
Moda,,Büyük Beden Gömlek,25.0
Moda,,Büyük Beden Hırka,25.0
Moda,,"Büyük Beden Kaban, Palto",25.0
Moda,,"Büyük Beden Kazak, Süveter",25.0
Moda,,Büyük Beden Kot Pantolon,25.0
Moda,,Büyük Beden Mayo,25.0
Moda,,Büyük Beden Mayokini,25.0
Moda,,Büyük Beden Mont,25.0
Moda,,Büyük Beden Pantolon,25.0
Moda,,Büyük Beden Panço,25.0
Moda,,Büyük Beden Pardösü,25.0
Moda,,Büyük Beden Parka,25.0
Moda,,Büyük Beden Pijama Altı,25.0
Moda,,Büyük Beden Pijama Takımı,25.0
Moda,,Büyük Beden Pijama Üstü,25.0
Moda,,Büyük Beden Plaj Elbise,25.0
Moda,,Büyük Beden Sweatshirt,25.0
Moda,,Büyük Beden Takım Elbise,25.0
Moda,,Büyük Beden Tankini,25.0
Moda,,Büyük Beden Tayt,25.0
Moda,,Büyük Beden Tişört,25.0
Moda,,Büyük Beden Trençkot,25.0
Moda,,"Büyük Beden Tulum, Kimono, Salopet",25.0
Moda,,Büyük Beden Yagmurluk,25.0
Moda,,"Büyük Beden Yelek, Cepken",25.0
Moda,,Büyük Beden şalvar,25.0
Moda,,"Büyük Beden şort, Kapri",25.0
Ev & Yaşam,,"Bıçak Bileyici, Masat",20.0
Ev & Yaşam,,Bıçak Standı,20.0
Spor&Outdoor,,Can Yeleği,18.0
Ev & Yaşam,,Cezve,20.0
Ev & Yaşam,,Chopstıck,20.0
Ev & Yaşam,,Chopstıck standı,20.0
Spor&Outdoor,,Co2 Tüp,18.0
Spor&Outdoor,,Crossift,15.0
Elektronik,,DVR Kayıt Cihazı,15.0
Ev & Yaşam,,"Damacana, Damacana Aksesuarları",20.0
Moda,,Damat Ayakkabısı,30.0
Moda,,Damatlık,25.0
Moda,,Damatlık Aksesuarları,30.0
Ev & Yaşam,,Dekoratif Peçete,27.0
Ev & Yaşam,,Dekoratif Yazı Tahtası,27.0
Ev & Yaşam,,Dekoratif kavanoz,27.0
Ev & Yaşam,,Dekoratif sabun,20.0
Spor&Outdoor,,"Denge Tahtası, Minderi, Bosu Topu",18.0
Spor&Outdoor,,Deniz Ayakkabısı,18.0
Moda,,Deniz Şortu,25.0
Süpermarket,,Deterjan & Temizlik Ürünleri,15.0
Ev & Yaşam,,Deterjan Kutusu,20.0
Ev & Yaşam,,"Değirmen, öğütücü",20.0
Elektronik,,Dikey Süpürge,12.0
Elektronik,,Dikiş Makineleri,15.0
Elektronik,,Dikiş Makinesi ve Aksesuarları,20.0
Ev & Yaşam,,Dikiş Malzeme ve Aksesuarları,25.0
Ev & Yaşam,,"Dilimleme, Doğrama Seti",20.0
Ev & Yaşam,,Dilsiz uşak,20.0
Moda,,Dini Elbiseler,30.0
Spor&Outdoor,,"Disk, Çekiç",18.0
Süpermarket,,Diyabetik Gıda,17.0
Oto Aksesuar,,Diz Örtüsü,15.0
Ev & Yaşam,,Diğer Banyo Tekstil Ürünleri,27.0
Oto Aksesuar,,Diğer Oto Ses ve Görüntü Sistemleri,15.0
Süpermarket,,Diğer İçecekler,17.0
Ev & Yaşam,,Diş Fırçalık,20.0
Ev & Yaşam,,Dolap içi raf,20.0
Ev & Yaşam,,"Dolap İçi Elbise, Aksesuar Askısı",25.0
Ev & Yaşam,,"Dondurma Kaşığı, Kepçesi",20.0
Moda,,Doğum Sonrası Korse,30.0
Elektronik,,"Duman, Gaz Dedektörü",15.0
Ev & Yaşam,,"Duvar Lambası, Aplik",27.0
Ev & Yaşam,,"Duvar Stickerı, folyo",27.0
Ev & Yaşam,,"Duvar rafı, raf",20.0
Ev & Yaşam,,Duş Perdesi,27.0
Spor&Outdoor,,Düdük,18.0
Ev & Yaşam,,Ecza dolabı,20.0
Spor&Outdoor,,"Egzersiz, Direnç Lastiği",15.0
Spor&Outdoor,,"Egzersiz, Direnç Yayı",15.0
Ev & Yaşam,,Ekmek Bıçağı,20.0
Ev & Yaşam,,Ekmeklik,20.0
Spor&Outdoor,,"El Bilekliği, Dirseklik, Parmaklık",20.0
Ev & Yaşam,,El dokuma halısı,25.0
Moda,,"El Çiçeği, Buket",25.0
Spor&Outdoor,,"El, Ayak Isıtıcı",18.0
Moda,,"Elbise, Tunik, Abiye",25.0
Ev & Yaşam,,Elek,20.0
Elektronik,,Elektronik Kasa,15.0
Oto Aksesuar,,"Emniyet, Güvenlik",20.0
Anne & Bebek,,Emzirme,16.0
Moda,,Emzirme Atleti,30.0
Moda,,Emzirme Body,30.0
Moda,,Emzirme Geceliği,30.0
Moda,,Emzirme Pijaması,30.0
Moda,,Emzirme Sütyeni,30.0
Moda,,Erkek Korse,30.0
Moda,,Espadril,25.0
Ev & Yaşam,,Et Dövme Aparatı,20.0
Ev & Yaşam,,"Et, Biftek Bıçağı",20.0
Süpermarket,,"Et, Tavuk ve Balık",17.0
Moda,,Etek,25.0
Ev & Yaşam,,Ev Dekorasyon Sepet,30.0
Ev & Yaşam,,Ev Dekorasyon Yapay Çiçek,30.0
Moda,,Ev Terliği,25.0
Moda,,Evrak Çantası,25.0
Oyuncak,,Eğitici Oyuncaklar,16.0
Spor&Outdoor,,"Fener, Işaldak Yedek Parça, Aksesuar",18.0
Oyuncak,,Figür Oyuncaklar,16.0
Ev & Yaşam,,Fileto Bıçağı,20.0
Ev & Yaşam,,Fiskos Sehpa,20.0
Spor&Outdoor,,Fitness Cihaz Bakım Ürün ve Aksesuarları,15.0
Ev & Yaşam,,Fon perde,25.0
Ev & Yaşam,,Fondü seti,20.0
Spor&Outdoor,,Fosforlu Top,18.0
Spor&Outdoor,,Fosforlu Çubuk,18.0
Spor&Outdoor,,Fren Hidrolik Yağı,18.0
Ev & Yaşam,,French press,20.0
Oyuncak,,Funkos,16.0
Spor&Outdoor,,"Futbol Topu Filesi, Çantası",20.0
Spor&Outdoor,,"Futbol Çorap, Konç, Tozluk",20.0
Ev & Yaşam,,"Fındık, Ceviz Kırıcı",20.0
Ev & Yaşam,,"Fındık, Ceviz Öğütücü",20.0
Spor&Outdoor,,"Fırdöndü, Kurşun",18.0
Ev & Yaşam,,Fırın Eldiveni,27.0
Ev & Yaşam,,Fırın kabı,20.0
Ev & Yaşam,,"Fırın tepsisi, borcam",20.0
Oto Aksesuar,,"GPS, Navigasyon Aksesuar",15.0
Oto Aksesuar,,"GPS, Navigasyon Cihazı",15.0
Ev & Yaşam,,Gardırop İçi Düzenleyici,25.0
Ev & Yaşam,,"Gazetelik, dergilik",20.0
Süpermarket,,Gazlı İçecekler,17.0
Moda,,Gelin Ayakkabısı,30.0
Moda,,Gelin Babeti,30.0
Moda,,Gelin Eldiveni,30.0
Moda,,Gelin Kemeri,30.0
Moda,,"Gelin Saç Tokası, Aksesuarları",30.0
Moda,,Gelin Tacı,30.0
Moda,,"Gelin Şapkası, Duvağı",30.0
Moda,,Gelin Şemsiyesi,30.0
Moda,,Gelinlik,25.0
Spor&Outdoor,,Gidon Grubu,18.0
Spor&Outdoor,,Golf Saha Ekipmanı,18.0
Ev & Yaşam,,Gondol,27.0
Ev & Yaşam,,Gözleme Tavası,20.0
Oto Aksesuar,,"Gözlük, Vizör",15.0
Moda,,"Göğüs Dikleştirici, Toparlayıcı",30.0
Moda,,Göğüs Ucu Ped (Kapatıcı),30.0
Ev & Yaşam,,"Gümüşlük, büfe",20.0
Ev & Yaşam,,Güneşlik,25.0
Süpermarket,,Günlük İçecekler,17.0
Spor&Outdoor,,Güvenlik,18.0
Elektronik,,Güvenlik Kamerası,15.0
Ev & Yaşam,,Güveç,20.0
Süpermarket,,"Gıda Aroma, Boyası",17.0
Ev & Yaşam,,Gıda Sıcaklık Ölçer,20.0
Spor&Outdoor,,Halka,18.0
Ev & Yaşam,,Halı kaydırmaz,25.0
Elektronik,,Halı yıkama makinesi,12.0
Ev & Yaşam,,Halı örtüsü,25.0
Ev & Yaşam,,"Halı, Yolluk Hurcu",25.0
Moda,,Hamile Abiye,30.0
Moda,,Hamile Alt&Üst Takım,25.0
Moda,,"Hamile Atlet, Fanila",30.0
Moda,,"Hamile Bluz, Gömlek",25.0
Moda,,Hamile Body,25.0
Moda,,Hamile Ceket & Yelek,25.0
Moda,,Hamile Elbise,30.0
Moda,,Hamile Etek,30.0
Moda,,Hamile Eşofman Altı,25.0
Moda,,"Hamile Gecelik, Pijama, Takımı",30.0
Moda,,Hamile Kaban,25.0
Moda,,Hamile Kazak&Hırka,25.0
Moda,,Hamile Korse (Bel Bandı),30.0
Moda,,Hamile Mayo,30.0
Moda,,Hamile Pantolon,25.0
Moda,,Hamile Pançosu,25.0
Moda,,Hamile Sweatshirt,25.0
Moda,,Hamile Tayt,25.0
Moda,,Hamile Tişört,25.0
Moda,,"Hamile Tulum, Salopet",25.0
Moda,,Hamile Tunik,25.0
Moda,,Hamile Çorap,30.0
Moda,,"Hamile Şort, Kapri",25.0
Ev & Yaşam,,Hamur dağıtıcı,20.0
Moda,,Hasır Çanta,22.0
Elektronik,,Hava Temizleme & Nem Alma cihazları,15.0
Spor&Outdoor,,Havalı Atış Ekipmanları,18.0
Spor&Outdoor,,Havalı Silah Ekipmanları,18.0
Spor&Outdoor,,Havalı Silah Kılıfı,18.0
Ev & Yaşam,,"Havan, Sarımsak Ezici",20.0
Ev & Yaşam,,Havlu Askısı,20.0
Ev & Yaşam,,Havluluk,20.0
Evcil,,"Hayvan ÜrünleBrailık, Akvaryum",18.0
Evcil,,Hayvan ÜrünleErvicil Hayvan Ürünleri Hediye Setleri 27% Değişiklik Yok,28.0
Evcil,,Hayvan ÜrünleKraiplumbağa,18.0
Evcil,,Hayvan ÜrünleKreidi,18.0
Evcil,,Hayvan ÜrünleKreidi Kumu,15.0
Evcil,,Hayvan ÜrünleKreidi Maması,15.0
Evcil,,Hayvan ÜrünleKreimirgen,18.0
Evcil,,Hayvan ÜrünleKruiş,18.0
Evcil,,Hayvan ÜrünleKröipek,18.0
Evcil,,Hayvan ÜrünleKröipek Maması,15.0
Evcil,,Hayvan ÜrünleSrüirüngen,18.0
Süpermarket,,"Hazır, Dondurulmuş Gıda",17.0
Ev & Yaşam,,Hediyelik Kutu / Paket,27.0
Spor&Outdoor,,"Hulahop, Jimnastik Çemberi",18.0
Ev & Yaşam,,Huni,20.0
Ev & Yaşam,,Jaluzi,25.0
Ev & Yaşam,,"Japon, Çin Feneri",27.0
Spor&Outdoor,,"Jimnastik İpi, Kurdelesi",18.0
Moda,,Jüpon,30.0
Spor&Outdoor,,Kabin,18.0
Spor&Outdoor,,Kadro Grubu,18.0
Moda,,Kadın Korse,30.0
Ev & Yaşam,,Kahvaltılık,20.0
Süpermarket,,Kahve,17.0
Elektronik,,Kalem Pil,15.0
Elektronik,,Kamera Kayıt Kartı,15.0
Spor&Outdoor,,Kamış Işığı,18.0
Ev & Yaşam,,Kanepe,20.0
Spor&Outdoor,,"Karabina (Kanca), Desandör",20.0
Ev & Yaşam,,Karyola,20.0
Ev & Yaşam,,Karıştırma kabı,20.0
Ev & Yaşam,,"Karıştırıcı (Shaker), Kokteyl seti",20.0
Ev & Yaşam,,Kase,20.0
Spor&Outdoor,,Kasnak,18.0
Süpermarket,,Katkı Maddeleri,17.0
Spor&Outdoor,,Katlanır Tabure,18.0
Ev & Yaşam,,Kavanoz,20.0
Spor&Outdoor,,"Kaykay Aksesuar, Ekipman",18.0
Ev & Yaşam,,Kaz tüyü yastık,25.0
Ev & Yaşam,,Kaz tüyü yorgan,25.0
Spor&Outdoor,,Kaşık,18.0
Ev & Yaşam,,"Kaşık, kepçe altlığı",20.0
Ev & Yaşam,,Kaşıklık,20.0
Ev & Yaşam,,Kek kalıbı,20.0
Ev & Yaşam,,"Kek, Pasta Fanusu",20.0
Ev & Yaşam,,Kesme tahtası,20.0
Ev & Yaşam,,Keson,20.0
Spor&Outdoor,,Kettlebell,18.0
Ev & Yaşam,,"Kiler Dolabı, Sebzelik",20.0
Ev & Yaşam,,Kilim,25.0
Ev & Yaşam,,Kitap tutucu,27.0
Elektronik,,Klima Aksesuarı,20.0
Ev & Yaşam,,"Klozet, Paspas Takımı",27.0
Ev & Yaşam,,"Koltuk, koltuk takımı",20.0
Ev & Yaşam,,Kolçak Sehpası,20.0
Ev & Yaşam,,Komodin,20.0
Süpermarket,,Konserve Gıda,17.0
Moda,,Korse,30.0
Oto Aksesuar,,Koruma Ekipmanları (Dizlik...),15.0
Spor&Outdoor,,"Koruyucu Bileklik,Dizlik, Dirseklik",18.0
Ev & Yaşam,,Kostüm aksesuarları,27.0
Moda,,Kot Ceket,25.0
Ev & Yaşam,,"Krema torbası, pompası",20.0
Oto Aksesuar,,Krom Aksesuar,20.0
Spor&Outdoor,,Kronometre,15.0
Spor&Outdoor,,"Kulak, Burun Tıkacı",18.0
Oyuncak,,Kumandalı Arabalar,16.0
Oyuncak,,Kumandalı Arazi Araçları,16.0
Oyuncak,,Kumandalı Helikopterler,16.0
Oyuncak,,Kumandalı Motorsikletler,16.0
Oyuncak,,Kumandalı Tekneler,16.0
Oyuncak,,Kumandalı Uçaklar,16.0
Oyuncak,,Kumandalı İş Makinaları,16.0
Ev & Yaşam,,Kumaş,25.0
Ev & Yaşam,,"Kurabiye, çikolata kalıbı",20.0
Ev & Yaşam,,Kurulama bezi,27.0
Süpermarket,,Kurutulmuş Gıda,17.0
Süpermarket,,"Kuruyemiş, Cips",17.0
Hobi,,Kutu Oyunları,15.0
Ev & Yaşam,,"Kutu, sepet",25.0
Ev & Yaşam,,Köşe koltuk takımı,20.0
Moda,,"Külot, Slip",25.0
Moda,,Külotlu Çorap,25.0
Ev & Yaşam,,Kürdanlık,20.0
Ev & Yaşam,,Kına malzemeleri,27.0
Ev & Yaşam,,Kırlent,25.0
Ev & Yaşam,,Kırlent kılıfı,25.0
Spor&Outdoor,,Laser,18.0
Spor&Outdoor,,Lastik Sökme Takma Seti,18.0
Spor&Outdoor,,Lastik Yama Seti,18.0
Spor&Outdoor,,Lazer Pointer,18.0
Ev & Yaşam,,Led Mum,27.0
Süpermarket,,Likor 14,17.0
Süpermarket,,Likor 14 20,17.0
Süpermarket,,Likor 20,17.0
Moda,,Loafer,25.0
Moda,,"Lohusa Tacı, Seti",30.0
Moda,,"Lohusa, Hamile Külot",30.0
Spor&Outdoor,,Makara,18.0
Ev & Yaşam,,Makine Halısı,25.0
Ev & Yaşam,,Makyaj (Tuvalet) Masası,20.0
Ev & Yaşam,,Makyaj Düzenleme Kutusu,25.0
Ev & Yaşam,,Makyaj aynası,27.0
Anne & Bebek,,"Mama Sandalyesi, Aksesuar",16.0
Ev & Yaşam,,Mandal,25.0
Ev & Yaşam,,"Mantı, hamur kalıbı",20.0
Yapı,,"Market, HırdavAadt a&p Btöarhçe",20.0
Yapı,,"Market, HırdavAaht ş&a Bp aOhyçmea Seti",20.0
Yapı,,"Market, HırdavAaht ş&a Bp aShaçkesı",25.0
Yapı,,"Market, HırdavAalte &t ÇBaanhtçaesı (Boş)",20.0
Yapı,,"Market, HırdavAalty &an B, aLhoçkema Takımı",20.0
Yapı,,"Market, HırdavAant a&h Btaarh, çİnegiliz Anahtarı",20.0
Yapı,,"Market, HırdavAant a&h Btaarhçe",20.0
Yapı,,"Market, HırdavAartm &u Bt aKhoçletuk",20.0
Yapı,,"Market, HırdavAartı c&ıl ıBka vheç eHayvancılık Malzemeleri",25.0
Yapı,,"Market, HırdavAast a&n sBöarh vçee Asansör Malzemeleri",15.0
Yapı,,"Market, HırdavAağt a&ç Bahçe",27.0
Yapı,,"Market, HırdavAaşt ı& B Bıçaahğçıe",20.0
Yapı,,"Market, HırdavAaşt ı&nd Bıraıhcıç eDiskler",20.0
Yapı,,"Market, HırdavBaat h&ç eB a&h Bçealkon Setleri",20.0
Yapı,,"Market, HırdavBaat h&ç eB aDheçkeorasyon Ürünleri",20.0
Yapı,,"Market, HırdavBaat h&ç eB aDheçpeolama",20.0
Yapı,,"Market, HırdavBaat h&ç eB aEhldçieveni",20.0
Yapı,,"Market, HırdavBaat h&ç eB aHhoçretumu",25.0
Yapı,,"Market, HırdavBaat h&ç eB aKhoçlteuğu",20.0
Yapı,,"Market, HırdavBaat h&ç eB aMhaçkeine Aksesuarı",20.0
Yapı,,"Market, HırdavBaat h&ç eB aMhaçseası",20.0
Yapı,,"Market, HırdavBaat h&ç eB aMhiçnederi",20.0
Yapı,,"Market, HırdavBaat h&ç eB aShaçnedalyesi, Taburesi",20.0
Yapı,,"Market, HırdavBaat h&ç eB aSheçhepası",20.0
Yapı,,"Market, HırdavBaat h&ç eB aShüçpeürgesi",20.0
Yapı,,"Market, HırdavBaat h&ç eB aThabçeuresi",20.0
Yapı,,"Market, HırdavBaat h&ç eB aThençetesi",20.0
Yapı,,"Market, HırdavBaat h&ç eB(aDhiçğeer) 20% Değişiklik Yok",22.0
Yapı,,"Market, HırdavBaat n&k lBaarhçe",20.0
Yapı,,"Market, HırdavBaat n&y oB aRhaçfeı, Köşe Rafı",20.0
Yapı,,"Market, HırdavBaat n&y oB aThabçeuresi, Basamağı",20.0
Yapı,,"Market, HırdavBaet t&o nB aShakçseı",25.0
Yapı,,"Market, HırdavBaitt k&i Bahçe",27.0
Yapı,,"Market, HırdavBaitt k&i DBaehstçeek Çubuğu",25.0
Yapı,,"Market, HırdavBaitt k&i VBiathamçeini",27.0
Yapı,,"Market, HırdavBaot y&a BTaahbçaencası, Aksesuar",20.0
Yapı,,"Market, HırdavBaot y&a Bahçe",20.0
Yapı,,"Market, HırdavBaut d&a Bmaah Mçeakası",20.0
Yapı,,"Market, HırdavCaitl a& M Baakhiçneası",15.0
Yapı,,"Market, HırdavDate k&o rBaathifç Seaksı",25.0
Yapı,,"Market, HırdavDate k&u Bpaajh, çTeestere, Bıçkı Makinesi",15.0
Yapı,,"Market, HırdavDate r&z BDaohlgçue Malzemeleri",20.0
Yapı,,"Market, HırdavDatiğ &e rB Baohyçae Malzemeleri",20.0
Yapı,,"Market, HırdavDatiğ &e rB Yaahpçıe Malzemeleri",20.0
Yapı,,"Market, HırdavDato l&a pB,a Çheçkemece, Kulp",20.0
Yapı,,"Market, HırdavDatu v&a rB aveh çCeephe Kaplamaları",20.0
Yapı,,"Market, HırdavDatu y& Bahçe",20.0
Yapı,,"Market, HırdavDatu ş& TBeakhnçeesi",20.0
Yapı,,"Market, HırdavDatu ş& aBkasheçseuarları",20.0
Yapı,,"Market, HırdavDatu ş&a Bkaabhiçne",20.0
Yapı,,"Market, HırdavEalt A&le Btia Shaçpeı",20.0
Yapı,,"Market, HırdavEalt A&r aBbaahsçıe",20.0
Yapı,,"Market, HırdavEalte &kt rBika hAçkesesuarları",20.0
Yapı,,"Market, HırdavEalte &kt rBika hKçaeblosu",20.0
Yapı,,"Market, HırdavEant e&r jBi Taahsçaerruflu Ampul",20.0
Yapı,,"Market, HırdavFaatr &e KBoavhuçceu",20.0
Yapı,,"Market, HırdavFaet n&e rB, aPhroçejektör",20.0
Yapı,,"Market, HırdavFaet n&e rB, aehl çfeeneri",15.0
Yapı,,"Market, HırdavFaitd &e Bahçe",27.0
Yapı,,"Market, HırdavFaitş & Bahçe",20.0
Yapı,,"Market, HırdavFalto &re sBaanh çAempul",20.0
Yapı,,"Market, HırdavGata z& a Brmahaçteürü",20.0
Yapı,,"Market, HırdavGata z&lı BMaahnçegal",20.0
Yapı,,"Market, HırdavGate n&e Bl bahakçeım spreyleri",20.0
Yapı,,"Market, HırdavGatr u&p BParhizç &e Uzatma Kablosu",20.0
Yapı,,"Market, HırdavGatü b&r eB&ahToçeprak",27.0
Yapı,,"Market, HırdavGatü v&e Bnalikh çceihazları",20.0
Yapı,,"Market, HırdavHata l&o jBenah Açmepul",20.0
Yapı,,"Market, HırdavHata s&ır B Saahkçseı",25.0
Yapı,,"Market, HırdavHata v&a BAakhımçe Ölçer",20.0
Yapı,,"Market, HırdavHata v&a lBı aEhl çAeletleri",15.0
Yapı,,"Market, HırdavHata v&lu Bpaahnçe",20.0
Yapı,,"Market, HırdavHata v&u zB aAhyçdeınlatma, Isıtma",20.0
Yapı,,"Market, HırdavHata v&u zB aKhimçeyasalları",20.0
Yapı,,"Market, HırdavHata v&u zB aTehmçeizlik Ekipmanları",20.0
Yapı,,"Market, HırdavHata v&u zB aTehsçte Kitleri",20.0
Yapı,,"Market, HırdavHata v&u zB aYhapçeı Malzemeleri",20.0
Yapı,,"Market, HırdavHata ş&e Brea hKçoevucu",20.0
Yapı,,"Market, HırdavHatid &ro Bfoarh, çPeompa",20.0
Yapı,,"Market, HırdavIastı Y&a lBıtaımhç eMalzemeleri",20.0
Yapı,,"Market, HırdavIaştı l&da Bkahçe",15.0
Yapı,,"Market, HırdavKaat b&lo B Baahğçeı",20.0
Yapı,,"Market, HırdavKaat b&lo B Kaahnçaelı",20.0
Yapı,,"Market, HırdavKaat b&lo B, aÖhlççmee",20.0
Yapı,,"Market, HırdavKaat p&ı sBtaohpçeerleri",20.0
Yapı,,"Market, HırdavKaat p&ı, BPaehrvçaez, Kapı Aksesuar",20.0
Yapı,,"Market, HırdavKaat p&ı, Bkaahpçı ehırdavatı",20.0
Yapı,,"Market, HırdavKaat p&ı, Bpaehnçceere bantları",20.0
Yapı,,"Market, HırdavKaat r&b oBna hFiçlem (Halı Altı Isıtıcı)",20.0
Yapı,,"Market, HırdavKaat r&ış ıBka Sheçte",20.0
Yapı,,"Market, HırdavKaat ğ&ıt B Haahvçleu,Tuvalet Kağıdı Dispenseri",20.0
Yapı,,"Market, HırdavKaet d&i, BKaöhpçeek Kovucu",20.0
Yapı,,"Market, HırdavKaet l&ep Bçaeh, çMeengene",20.0
Yapı,,"Market, HırdavKaet r&es Btea,h Kçaeplama, Kalıp",20.0
Yapı,,"Market, HırdavKaet s&ic iB Mahaçkeaslar",20.0
Yapı,,"Market, HırdavKaitl i&tle Brahçe",20.0
Yapı,,"Market, HırdavKaitş &iy eB aÖhzçeel Saksı",25.0
Yapı,,"Market, HırdavKalte &m eBnashçe",20.0
Yapı,,"Market, HırdavKalto &ze Bt aKhaçpeağı",20.0
Yapı,,"Market, HırdavKaot m&b Binahe çSeet",15.0
Yapı,,"Market, HırdavKaot r&u yBuachuç,e Emniyet Tertibatı",20.0
Yapı,,"Market, HırdavKaut t&u Bvea haçmebalaj ürünleri",20.0
Yapı,,"Market, HırdavKaut ş& K Boavhuçceu",20.0
Yapı,,"Market, HırdavKaöt m& üBrahçe",20.0
Yapı,,"Market, HırdavKaüt v&e tBahçe",20.0
Yapı,,"Market, HırdavLaEtD & A Bmahpçuel",20.0
Yapı,,"Market, HırdavLaatv &an Btaah Fçideesi",27.0
Yapı,,"Market, HırdavLaeth &im B,a Hhaçveya",20.0
Yapı,,"Market, HırdavLaitm &o nB aAhğçaecı",27.0
Yapı,,"Market, HırdavMata &ke Bt abhıççaek",20.0
Yapı,,"Market, HırdavMata &n gBaal hAçkesesuarları",20.0
Yapı,,"Market, HırdavMata &tk Bapah Uçceu",15.0
Yapı,,"Market, HırdavMate &n fBeazlheçre",20.0
Yapı,,"Market, HırdavMate &rd Bivaehnçe",20.0
Yapı,,"Market, HırdavMate &ta Bl Hahaçliede Ampul",20.0
Yapı,,"Market, HırdavMate &ta Bl Saahkçseı",25.0
Yapı,,"Market, HırdavMate &yv Bea Thoçpelama Aleti",20.0
Yapı,,"Market, HırdavMato &b iBlyaah hçıerdavatı",20.0
Yapı,,"Market, HırdavMatu &tf aBka hEçveiye Bataryası",20.0
Yapı,,"Market, HırdavNate m& B/ aIshıç Öelçer",20.0
Yapı,,"Market, HırdavOatr a&k Bahçe",20.0
Yapı,,"Market, HırdavOatr k&id Bea Shaçkesıları",25.0
Yapı,,"Market, HırdavPaat n&e lB Raahdçyeatör",20.0
Yapı,,"Market, HırdavPaat n&e lB raahdçyeatör",20.0
Yapı,,"Market, HırdavPaet n&c eBraeh, çDeoğrama Aksesuar",20.0
Yapı,,"Market, HırdavPaet n&s eB,a Kheçrepeten, Kargaburun",20.0
Yapı,,"Market, HırdavPaitk &ni kB aShetçie",27.0
Yapı,,"Market, HırdavPalta &st iBka Shaçkesı",25.0
Yapı,,"Market, HırdavPalta &tik B Çaöhpçe Konteyneri",20.0
Yapı,,"Market, HırdavPaot r&ta Bkaahl Açeğacı",27.0
Yapı,,"Market, HırdavParte &fa Bbarihkç &e Modül Kabin",15.0
Yapı,,"Market, HırdavParte &fa Bbarihkç Heavuz",20.0
Yapı,,"Market, HırdavParti z& Bahçe",20.0
Yapı,,"Market, HırdavParto &fe Bsyaohnçeel temizlik ürünleri",20.0
Yapı,,"Market, HırdavPaüt r&m Büazh, Içseı Tabancası",15.0
Yapı,,"Market, HırdavRaet z&e rBvauhaçre İç Takımı",20.0
Yapı,,"Market, HırdavRaut l&m Banahlaçre",20.0
Yapı,,"Market, HırdavRaut l&o, BFaırhççae Set",20.0
Yapı,,"Market, HırdavRaut s&ti kB aAhmçepul",20.0
Yapı,,"Market, HırdavRaöt t&ü şB aveh çişearetleme kalemleri",20.0
Yapı,,"Market, HırdavSaat k&sı BAalthlıçğeı",25.0
Yapı,,"Market, HırdavSaat k&sı lBıkahçe",20.0
Yapı,,"Market, HırdavSaet r&am Biakh Sçaeksı",25.0
Yapı,,"Market, HırdavSaet s& Y aBlaıthımçe Malzemeleri",20.0
Yapı,,"Market, HırdavSaitg o&r tBaa Khuçetusu",20.0
Yapı,,"Market, HırdavSaitli k&o Bna thaçbeancası",20.0
Yapı,,"Market, HırdavSaitli k&o Bna, hSiçliekon Tabancası",20.0
Yapı,,"Market, HırdavSaitli k&o Bnalahrçe",20.0
Yapı,,"Market, HırdavSaitn &ek B paehrçdeeleri",20.0
Yapı,,"Market, HırdavSaot b&a &BaKhuçzeine",20.0
Yapı,,"Market, HırdavSapt i&ra lB, aThaçşelama Makinesi",15.0
Yapı,,"Market, HırdavSatta &nd Baarht çAekkor Ampul",20.0
Yapı,,"Market, HırdavSaut &Ya Blıtaıhmç eMalzemeleri",20.0
Yapı,,"Market, HırdavSaüt t& S aBğamhçae Makinesi",20.0
Yapı,,"Market, HırdavSaüt t&u nBluah Mçeatkap",15.0
Yapı,,"Market, HırdavTaath &a rBeat hBçoerusu",20.0
Yapı,,"Market, HırdavTaath &a rBeat hMçeusluğu",20.0
Yapı,,"Market, HırdavTaatk &ım B çaahnçteaları",20.0
Yapı,,"Market, HırdavTaet s&is aBtahçe",20.0
Yapı,,"Market, HırdavTaet s&te Breahçe",20.0
Yapı,,"Market, HırdavTaetr &az Bi, aŞhaçkeül",20.0
Yapı,,"Market, HırdavTaot h&u mBahçe",27.0
Yapı,,"Market, HırdavTaotp &ra Bka Shaçkesı",25.0
Yapı,,"Market, HırdavTaotr &na Bvaidhaç eSeti",20.0
Yapı,,"Market, HırdavTaötr &pü B, aRheçnede, Keski",20.0
Yapı,,"Market, HırdavTaıtb &bi BAatıhkç Keonteyneri",20.0
Yapı,,"Market, HırdavTaıtr m& ıBkahçe",20.0
Yapı,,"Market, HırdavUaty g&u Blaamhaçe Şişesi, Başlığı",20.0
Yapı,,"Market, HırdavVaitd &a, BÇaivhiç, eSomun",20.0
Yapı,,"Market, HırdavVaitd &a, Bçaivhi,ç edübel",20.0
Yapı,,"Market, HırdavVaitt r&if iByaehçe",20.0
Yapı,,"Market, HırdavVaot l&tm Beathrçee",20.0
Yapı,,"Market, HırdavYaatn &g ıBna shöçnedürücü",20.0
Yapı,,"Market, HırdavYaatp &a yB Saühsç eÇiçeği",27.0
Yapı,,"Market, HırdavYaatp &ra Bka Thoçpelama & Üfleme Makinesi",20.0
Yapı,,"Market, HırdavYaatp &ra Bkalıh Bçietki",27.0
Yapı,,"Market, HırdavYaatp &ı MBaahrkçeet Duvar Kagıdı",20.0
Yapı,,"Market, HırdavYaatp &ı MBaahrkçeet Hamak",20.0
Yapı,,"Market, HırdavYaatp &ı MBaahrkçeet Hava Kompresörü",20.0
Yapı,,"Market, HırdavYaatp &ı MBaahrkçeet Jeneratör",15.0
Yapı,,"Market, HırdavYaatp &ı MBaahrkçeet Kazma",20.0
Yapı,,"Market, HırdavYaatp &ı MBaahrkçeet Sprey Boya",20.0
Yapı,,"Market, HırdavYaatp &ı MBaahrkçeet Yapıştırıcı",20.0
Yapı,,"Market, HırdavYaatp &ı MBaahrkçeet Zil",20.0
Yapı,,"Market, HırdavYaatp &ı mBaahrkçeet, Hırdavat Hediye Setleri 27% Değişiklik Yok",30.0
Yapı,,"Market, HırdavYaatp &ış Bkaanhlçıe Askı",20.0
Yapı,,"Market, HırdavYaatp &ış Btıarıhcçı,e bantlar",20.0
Yapı,,"Market, HırdavYaatğ &d aBnalhıkçe",20.0
Yapı,,"Market, HırdavYaetr & K aBpalhaçmeası",20.0
Yapı,,"Market, HırdavYaüt k&se Bka Bhaçseınçlı Yıkama Makinesi",20.0
Yapı,,"Market, HırdavZaat m&a Bna Shaçaetleri",20.0
Yapı,,"Market, HırdavÇaat p&a Bahçe",20.0
Yapı,,"Market, HırdavÇaat t&ı M Baahlzçeemeleri",20.0
Yapı,,"Market, HırdavÇaet k&iç Bahçe",20.0
Yapı,,"Market, HırdavÇaitm &, ÇBiath Mçeakası",20.0
Yapı,,"Market, HırdavÇaitv &ile Bmaeh,ç Zeımba Tabancası",15.0
Yapı,,"Market, HırdavÖatlç &ü ABalehtçie",20.0
Yapı,,"Market, HırdavÜatr e&ti mBa Shaçkesısı",25.0
Yapı,,"Market, Hırdavİalat ç&la Bmaah çMeakinesi",20.0
Yapı,,"Market, Hırdavİaşt A&y aBkakhaçbeısı, Botu",25.0
Yapı,,"Market, Hırdavİaşt G&ü Bveahnçliek Malzemeleri",25.0
Yapı,,"Market, HırdavŞate z&lo Bnaghçe",20.0
Yapı,,"Market, HırdavŞatö &m iBnaehçe",20.0
Hobi,,Masa Oyun Takımları,15.0
Ev & Yaşam,,Masa Takvimi,27.0
Spor&Outdoor,,Masa Tenisi Topu,18.0
Ev & Yaşam,,Masa takımları,20.0
Ev & Yaşam,,Masa örtüsü,27.0
Oto Aksesuar,,"Maske, Balaklava, Baf",15.0
Spor&Outdoor,,Mat,18.0
Moda,,Mayo,25.0
Moda,,Mayokini,25.0
Ev & Yaşam,,Maşa,20.0
Ev & Yaşam,,Maşrapa,20.0
Ev & Yaşam,,"Merdane, oklava",20.0
Ev & Yaşam,,"Meyve, Sebze Dilimleyici",20.0
Ev & Yaşam,,"Meyve, Sebze Soyucu, Oyacak",20.0
Ev & Yaşam,,Meyvelik,20.0
Ev & Yaşam,,Microfiber elyaf yastık,25.0
Ev & Yaşam,,Minder,25.0
Ev & Yaşam,,Minder kılıfı,25.0
Spor&Outdoor,,Misina Boy Sayacı,18.0
Ev & Yaşam,,Mobilya aksesuarları,20.0
Ev & Yaşam,,Mocha pot,20.0
Oto Aksesuar,,Motorsiklet Giyim-Ayakkabı,15.0
Oto Aksesuar,,Motosiklet Giyim Eldiven,15.0
Oto Aksesuar,,Motosiklet Giyim Pantolon,15.0
Oto Aksesuar,,Motosiklet Giyim Yagmurluk,15.0
Ev & Yaşam,,Muffin kalıbı,20.0
Ev & Yaşam,,"Mutfak Dolap İçi, Raf Düzenleyici",20.0
Ev & Yaşam,,Mutfak Makası,20.0
Ev & Yaşam,,Mutfak Masa Takımı,20.0
Ev & Yaşam,,Mutfak Masa Örtüsü,27.0
Ev & Yaşam,,Mutfak Masası,20.0
Ev & Yaşam,,"Mutfak Rafı, Terek",20.0
Ev & Yaşam,,Mutfak Runner,27.0
Ev & Yaşam,,Mutfak Sandalyesi,20.0
Ev & Yaşam,,Mutfak havlusu,27.0
Ev & Yaşam,,Mutfak taburesi,20.0
Ev & Yaşam,,"Mutfak önlük, eldiven seti",27.0
Ev & Yaşam,,"Mutfak, ocak çakmağı",20.0
Hobi,,Müzik,12.0
Moda,,Namaz Elbiseleri,30.0
Ev & Yaşam,,Narenciye sıkacağı,20.0
Ev & Yaşam,,Nazarlık,27.0
Ev & Yaşam,,Nihale,20.0
Ev & Yaşam,,Nikah malzemeleri,27.0
Ev & Yaşam,,Nişan malzemeleri,27.0
Ev & Yaşam,,Oda kokusu,27.0
Ev & Yaşam,,"Ofis Dolabı, Rafı",20.0
Ev & Yaşam,,"Ofis Koltukları, Sandalyeleri",20.0
Ev & Yaşam,,Ofis Masaları,20.0
Ev & Yaşam,,Ofis Mobilya Aksesuar,20.0
Ev & Yaşam,,Ofis Sehpası,20.0
Ev & Yaşam,,"Ofis Seti, Takımı",20.0
Moda,,Okul Çantası,30.0
Oto Aksesuar,,Oto Amplifikatörü,15.0
Oto Aksesuar,,Oto Hoparlör,15.0
Oto Aksesuar,,Oto Subwoofer,15.0
Oto Aksesuar,,Oto Teyp Aksesuar,15.0
Oto Aksesuar,,Oto Video,15.0
Ev & Yaşam,,Oturma Odası Dresuar,20.0
Ev & Yaşam,,Oturma Odası Kitaplık,20.0
Ev & Yaşam,,Oturma Odası Laptop Sehpası,20.0
Moda,,Oxford,25.0
Anne & Bebek,,Oyun Halısı ve Aksesuar,16.0
Oyuncak,,Oyuncak 20% Değişiklik Yok,22.0
Oyuncak,,Oyuncak Araçlar,16.0
Oyuncak,,Oyuncak Bebekler,16.0
Ev & Yaşam,,Oyuncu koltuğu,20.0
Spor&Outdoor,,"Paintball, Airsoft Aksesuar, Ekipman",20.0
Ev & Yaşam,,Pamuk yastık,25.0
Ev & Yaşam,,Pamukluk,20.0
Ev & Yaşam,,Pantolon Askısı,25.0
Moda,,Panço,30.0
Ev & Yaşam,,"Paravan, Seperatör",20.0
Moda,,Pardösü,25.0
Moda,,Pareo,25.0
Anne & Bebek,,Park Yatak ve Oyun Parkı,16.0
Ev & Yaşam,,Parti kutlama,27.0
Ev & Yaşam,,"Pasta Servis Bıçağı, Spatulası",20.0
Ev & Yaşam,,Pastacılık seti,20.0
Ev & Yaşam,,Patates Ezici,20.0
Spor&Outdoor,,"Paten Aksesuar, Ekipman",18.0
Moda,,Patik,25.0
Ev & Yaşam,,Pazar Arabası,25.0
Spor&Outdoor,,Pedal Takma Sökme Anahtarı,18.0
Ev & Yaşam,,"Perde aksesuarları, yedek parça",25.0
Ev & Yaşam,,Peynir Bıçağı,20.0
Ev & Yaşam,,"Peçetelik, Peçete Halkası",20.0
Ev & Yaşam,,Peştemal,27.0
Spor&Outdoor,,"Pilates, Yoga Giyim",18.0
Spor&Outdoor,,"Pilates, Yoga Matı, Minderi",18.0
Spor&Outdoor,,"Pilates, Yoga Roller",18.0
Spor&Outdoor,,"Pilates, Yoga Seti",18.0
Spor&Outdoor,,"Pilates, Yoga Çemberi",18.0
Spor&Outdoor,,"Pilates, Yoga, Jimnastik Topu",18.0
Ev & Yaşam,,Pipet,20.0
Ev & Yaşam,,"Pizza, Hamur, Kek Dilimleyici",20.0
Moda,,Plaj Elbise,25.0
Moda,,Plaj Giyim,25.0
Ev & Yaşam,,Plaj Havlusu,27.0
Oto Aksesuar,,"Polar, Sweatshirt",15.0
Moda,,Portföy Çanta,25.0
Ev & Yaşam,,Portmanto,20.0
Ev & Yaşam,,"Poşet Klipsi (Mandalı), Kapatıcı",20.0
Ev & Yaşam,,Poşetlik,20.0
Ev & Yaşam,,Pratik Ev Eşyaları,25.0
Ev & Yaşam,,Profesyonel Şef Bıçağı,20.0
Moda,,Protez Meme,30.0
Ev & Yaşam,,Ranza,20.0
Ev & Yaşam,,Rende,20.0
Elektronik,,Robot süpürge,12.0
Ev & Yaşam,,Runner,27.0
Ev & Yaşam,,Sabunluk,20.0
Ev & Yaşam,,"Salata, Sebze Kurutucu",20.0
Ev & Yaşam,,Sallanan sandalye,20.0
Süpermarket,,Salça,17.0
Elektronik,,Sanal Gerçeklik Gözlüğü,15.0
Moda,,Sandalet,22.0
Ev & Yaşam,,Sandalye kılıfı,25.0
Ev & Yaşam,,Sandalye minderi,25.0
Ev & Yaşam,,Sandık,20.0
Spor&Outdoor,,Sarma Aparatı,18.0
Ev & Yaşam,,Sarma Makinesi,20.0
Ev & Yaşam,,Satır,20.0
Spor&Outdoor,,"Scooter, Hoverboard Ekipman & Aksesuar",18.0
Ev & Yaşam,,"Sebze Haşlayıcı, Buhar Sepeti",20.0
Süpermarket,,"Sebze, Meyve",17.0
Ev & Yaşam,,"Sebze, Meyve Bıçağı",20.0
Ev & Yaşam,,Sefertası,20.0
Spor&Outdoor,,Sele Grubu,18.0
Ev & Yaşam,,Semaver,20.0
Elektronik,,"Sensör, Siren",15.0
Ev & Yaşam,,Servis gereçleri,20.0
Ev & Yaşam,,Seyahat yastığı,25.0
Ev & Yaşam,,Shaggy halı,25.0
Spor&Outdoor,,Shaker,18.0
Ev & Yaşam,,"Shot, likör bardağı",27.0
Spor&Outdoor,,Slalom & Engel Setleri,18.0
Süpermarket,,Sos ve Sirke,17.0
Ev & Yaşam,,"Sosluk, sütlük",20.0
Ev & Yaşam,,Spatula,20.0
Moda,,Spor Giyim,30.0
Spor&Outdoor,,Spor İç Çamaşırı Takımları,20.0
Spor&Outdoor,,Sport Atlet,20.0
Ev & Yaşam,,Spot Lamba,27.0
Spor&Outdoor,,Squash,18.0
Ev & Yaşam,,Stor perde,25.0
Moda,,"String, Tanga",25.0
Spor&Outdoor,,"Su Kayağı, Knee Boarding",18.0
Ev & Yaşam,,"Su Şişesi,Suluk",20.0
Elektronik,,Sulu süpürge,12.0
Ev & Yaşam,,Süt taşırmaz,20.0
Süpermarket,,Süt ve Şarküteri Ürünleri,17.0
Ev & Yaşam,,"Süt, kahve köpürtücü",20.0
Ev & Yaşam,,Sütlük,20.0
Moda,,Sütyen,25.0
Moda,,"Sütyen Askı, Sütyen Gizleme Aparat",30.0
Moda,,"Sütyen, Külot (İç Çamaşır) Takımı",25.0
Ev & Yaşam,,Süzgeç,20.0
Ev & Yaşam,,Sıvı Sabunluk,20.0
Süpermarket,,Sıvıyağ,17.0
Ev & Yaşam,,Tabak,20.0
Ev & Yaşam,,"Tabure, puf",20.0
Ev & Yaşam,,"Takı, Makyaj Dolabı",20.0
Moda,,Takım Elbise,25.0
Moda,,Tankini,25.0
Ev & Yaşam,,Tart kalıbı,20.0
Süpermarket,,"Tatlı, Pasta & Meyve Sepeti",17.0
Moda,,Tayt,25.0
Spor&Outdoor,,Tenis Giyim,18.0
Spor&Outdoor,,Tenis Grip,18.0
Spor&Outdoor,,Tenis Topu,18.0
Ev & Yaşam,,Tepsi,20.0
Anne & Bebek,,Teraryum 15%,28.0
Spor&Outdoor,,Termal Battaniye,18.0
Oto Aksesuar,,Termal ve Reflektif Giyim,15.0
Moda,,Termal İç Giyim,25.0
Ev & Yaşam,,Termos,20.0
Moda,,Tesettür Abiye Elbise,25.0
Moda,,Tesettür Alt-Üst Takım,25.0
Moda,,Tesettür Bluz,25.0
Moda,,Tesettür Bonesi,30.0
Moda,,Tesettür Ceket,25.0
Moda,,Tesettür Elbise,25.0
Moda,,Tesettür Etek,30.0
Moda,,Tesettür Eşofman,25.0
Moda,,Tesettür Eşofman Altı,25.0
Moda,,"Tesettür Feracesi, Kabı",30.0
Moda,,Tesettür Gömlek,25.0
Moda,,Tesettür Hırka,25.0
Moda,,Tesettür Kimono&Kaftan,25.0
Moda,,Tesettür Mayo,25.0
Moda,,Tesettür Pantolon,25.0
Moda,,Tesettür Pantolon Etek,25.0
Moda,,Tesettür Panço,30.0
Moda,,Tesettür Pardösü,25.0
Moda,,Tesettür Salopet,30.0
Moda,,Tesettür Sweatshirt,25.0
Moda,,Tesettür Süveter,25.0
Moda,,Tesettür T-Shirt,25.0
Moda,,Tesettür Trençkot,25.0
Moda,,Tesettür Tulum,25.0
Moda,,Tesettür Tunik,25.0
Moda,,Tesettür Yağmurluk&Rüzgarlık,25.0
Moda,,Tesettür Yelek,30.0
Ev & Yaşam,,Teşhir ayağı,27.0
Spor&Outdoor,,"Top Pompası, Basınç Ölçer",20.0
Elektronik,,Toz torbalı süpürge,12.0
Elektronik,,Toz torbasız süpürge,12.0
Moda,,Trend Setler,30.0
Oto Aksesuar,,Tulum,15.0
Ev & Yaşam,,Tuvalet Fırçası,20.0
Ev & Yaşam,,"Tuvalet Kağıtlığı, Standı",20.0
Ev & Yaşam,,Tuz Lambası,27.0
Ev & Yaşam,,"Tuzluk, biberlik",20.0
Ev & Yaşam,,Tül perde,25.0
Ev & Yaşam,,Tıpa,20.0
Spor&Outdoor,,Tırmanış Eldiveni,18.0
Süpermarket,,Un ve Unlu Mamüller,17.0
Moda,,Uyku Takımı,25.0
Ev & Yaşam,,Uyku seti,25.0
Ev & Yaşam,,Vakumlu Hurç,25.0
Spor&Outdoor,,Vida,18.0
Ev & Yaşam,,"Vitrin, konsol",20.0
Ev & Yaşam,,Yan Sehpa,20.0
Ev & Yaşam,,"Yapay meyve, sebze",27.0
Ev & Yaşam,,Yastık alezi,25.0
Ev & Yaşam,,Yastık kılıfı,25.0
Ev & Yaşam,,Yatak Başlığı,20.0
Ev & Yaşam,,Yatak Odası Takımı,20.0
Ev & Yaşam,,"Yatak Pedi, Şiltesi",20.0
Ev & Yaşam,,Yatak Ucu Pufu (Bankı),20.0
Ev & Yaşam,,Yatak pedi,25.0
Ev & Yaşam,,Yağ Sıçratmaz,20.0
Ev & Yaşam,,"Yağlık, sirkelik, sosluk",20.0
Spor&Outdoor,,Yelken Aksesuar,18.0
Spor&Outdoor,,Yem Takma Aparatı,18.0
Spor&Outdoor,,Yem İğnesi,18.0
Ev & Yaşam,,Yemek Masası,20.0
Ev & Yaşam,,Yemek Odası Sandalye,20.0
Ev & Yaşam,,Yemek Odası Takımı,20.0
Moda,,Yemek Çantası,30.0
Spor&Outdoor,,Yemleme Roketi,18.0
Anne & Bebek,,Yenidoğan Takı 15%,28.0
"2. El, Yenilenmiş",,Yenilenmiş Cep Telefonu,10.0
"2. El, Yenilenmiş",,Yenilenmiş Cep Telefonu (sertifikalı),10.0
Ev & Yaşam,,Yolluk,25.0
Ev & Yaşam,,"Yumurta ayırıcı, kırıcı",20.0
Ev & Yaşam,,Yumurta zamanlayıcı,20.0
Ev & Yaşam,,"Yumurta, hamur fırçası",20.0
Ev & Yaşam,,Yumurtalık,20.0
Ev & Yaşam,,Yün yastık,25.0
Ev & Yaşam,,Yün yorgan,25.0
Anne & Bebek,,"Yürüteç, Hoppala",16.0
Spor&Outdoor,,Yüzücü Antrenman Malzemeleri,18.0
Ev & Yaşam,,Zebra perde,25.0
Ev & Yaşam,,Zeytin Çizme Aparatı,20.0
Spor&Outdoor,,Zincir Anahtarı,18.0
Spor&Outdoor,,Zincir Grubu,18.0
Spor&Outdoor,,Zincir Yağı,18.0
Spor&Outdoor,,Zoka,18.0
Ev & Yaşam,,Zırh Bıçak,20.0
Ev & Yaşam,,Çalışma Odası Laptop Sehpası,20.0
Ev & Yaşam,,Çalışma Odası Sandalye,20.0
Ev & Yaşam,,Çamaşır Makinesi Dolabı,20.0
Ev & Yaşam,,"Çamaşır Sepeti, Kirli Sepeti",20.0
Moda,,Çanta Aksesuar,30.0
Moda,,"Çanta Bakım, Koruma",30.0
Süpermarket,,Çay,17.0
Ev & Yaşam,,Çay kaşığı,20.0
Ev & Yaşam,,"Çaydanlık, demlik",20.0
Ev & Yaşam,,Çekirdek Çıkartıcı,20.0
Ev & Yaşam,,Çelik Kasa,20.0
Spor&Outdoor,,Çelik Tel,18.0
Ev & Yaşam,,"Çerezlik, sosluk",20.0
Ev & Yaşam,,Çift taraflı ikiz tava,20.0
Süpermarket,,Çikolata ve Şekerleme,17.0
Moda,,Çocuk Abiye,25.0
Moda,,Çocuk Giyim Bluz,25.0
Moda,,Çocuk Giyim Ceket,25.0
Moda,,Çocuk Giyim Etek,25.0
Moda,,Çocuk Giyim Gömlek,25.0
Moda,,Çocuk Giyim Hırka,25.0
Moda,,Çocuk Giyim Jean,25.0
Moda,,Çocuk Giyim Jile,30.0
Moda,,Çocuk Giyim Kaban,25.0
Moda,,Çocuk Giyim Kazak,25.0
Moda,,Çocuk Giyim Mayo,25.0
Moda,,Çocuk Giyim Mont,25.0
Moda,,Çocuk Giyim Pantolon,25.0
Moda,,Çocuk Giyim Pardösü,25.0
Moda,,Çocuk Giyim Pijama,25.0
Moda,,Çocuk Giyim Polar,25.0
Moda,,Çocuk Giyim Sweatshirt,25.0
Moda,,Çocuk Giyim Sünnet Kıyafeti,30.0
Moda,,Çocuk Giyim Süveter,25.0
Moda,,Çocuk Giyim Tayt,25.0
Moda,,Çocuk Giyim Trençkot,25.0
Moda,,"Çocuk Giyim Tulum, Salopet",25.0
Moda,,Çocuk Giyim Yagmurluk,25.0
Moda,,Çocuk Giyim Yelek/Bolero,25.0
Moda,,Çocuk Giyim Çorap,30.0
Moda,,Çocuk Giyim İç Çamaşırı,30.0
Moda,,"Çocuk Giyim Şort,Bermuda,Capri",25.0
Ev & Yaşam,,Çocuk Odası Aydınlatması,27.0
Ev & Yaşam,,"Çocuk, Genç Odası Takımı",20.0
Ev & Yaşam,,"Çocuk, genç odası halısı",25.0
Ev & Yaşam,,Çok Amaçlı Oyuncak Dolabı,20.0
Moda,,Çorap,25.0
Ev & Yaşam,,Çöp kovası,20.0
Ev & Yaşam,,Çırpıcı,20.0
Ev & Yaşam,,Ölçü kabı,20.0
Ev & Yaşam,,Ölçü kaşığı,20.0
Ev & Yaşam,,Örgü Malzeme ve Aksesuarları,25.0
Moda,,"Üniforma, Kostüm & Aksesuar",25.0
Ev & Yaşam,,Ütü Masası Kılıfı,25.0
"2. El, Yenilenmiş",,İkinci El Cep Telefonu (sertifikalı),10.0
Elektronik,,"İkinci el, Yenilenmiş, Outlet, Teşhir 5%",22.0
Elektronik,,İnce Pil,15.0
Ev & Yaşam,,İp perde,25.0
Moda,,İç Giyim Aksesuarları,30.0
Moda,,İç Giyim Body,30.0
Moda,,İçlik,25.0
Spor&Outdoor,,"İğne, İğne Seti",18.0
Moda,,Şalvar,30.0
Spor&Outdoor,,Şamandıra,18.0
Elektronik,,Şarj Edilebilir Pil,15.0
Elektronik,,Şarj Kiti,15.0
Elektronik,,Şarjlı süpürge,12.0
Ev & Yaşam,,Şeker hamuru kalıbı,20.0
Süpermarket,,Şeker ve Tuz,17.0
Ev & Yaşam,,"Şekerlik, lokumluk",20.0
Ev & Yaşam,,"Şekerlik, meyvelik",27.0
Ev & Yaşam,,Şemsiyelik,20.0
Ev & Yaşam,,Şerit LED,27.0
Ev & Yaşam,,Şifonyer,20.0
Spor&Outdoor,,Şişirme Pompası,18.0
Spor&Outdoor,,Şişme Deniz Kolluğu,18.0
Spor&Outdoor,,Şişme Deniz Topu,18.0
Moda,,"Şort, Kapri",25.0
